Workbook

Sheet Indication
A1: GL / GERMANY — 2027 RATE INDICATION
A2: prepared by: a.actuary · file: Indication_GL_DE_2027_v7_FINAL.xlsx · SYNTHETIC
A4: Experience loss ratio (on-level, developed, trended) | B4: =Experience!$K$7/Experience!$F$7
A5: + loads (large-loss, cat) | B5: =B4*(1+Assumptions!$B$7)+Assumptions!$B$8
A6: Permissible loss ratio = 1 - (expenses+commission+RI+profit) | B6: =1-(Assumptions!$B$11+Assumptions!$B$12+Assumptions!$B$13+Assumptions!$B$14)
A7: Credibility-weighted projected loss ratio | B7: =Assumptions!$B$9*B5+(1-Assumptions!$B$9)*B6
A8: INDICATED RATE CHANGE = projected / permissible - 1 | B8: =B7/B6-1
A10: Selected rate change (mgmt): | B10: 0
A11: Sign-off: | B11: (pending — see email thread)

Sheet Assumptions
A1: GL / Germany — 2027 rate indication — ASSUMPTIONS
A2: Bricksurance SE (SYNTHETIC / illustrative)
A4: Severity trend | B4: 0.055
A5: Frequency trend | B5: -0.015
A6: Selected development factor (tail) | B6: 1.18
A7: Large-loss load | B7: 0.05
A8: Catastrophe load | B8: 0.005
A9: Credibility (Z) | B9: 0.75
A10: Experience period (years) | B10: 5
A11: Expense ratio | B11: 0.185
A12: Commission ratio | B12: 0.125
A13: Reinsurance load | B13: 0.03
A14: Profit & contingency | B14: 0.05
A15: Current rate level index | B15: 1.1771
... A17: Prospective period | B17: 2027

Sheet Experience
A1: Accident year | B1: Earned premium | C1: Reported incurred | D1: Rate index | E1: Empirical LDF | F1: On-level premium | G1: Eff. LDF | H1: Ultimate | I1: Trend yrs | J1: Trend factor | K1: Trended ultimate | L1: Loss ratio
A2: 2021 | B2: 7685258 | C2: 4103950 | D2: 1.0737 | E2: 1.0325 | F2: =B2*(Assumptions!$B$15/D2) | G2: =1+(E2-1)*(Assumptions!$B$6/Assumptions!$B$16) | H2: =C2*G2 | I2: =Assumptions!$B$17-A2 | J2: =(1+Assumptions!$B$5)^I2*(1+Assumptions!$B$4)^I2 | K2: =H2*J2 | L2: =K2/F2
A3: 2022 | B3: 8187260 | C3: 4501769 | D3: 1.0897 | E3: 1.0524 | F3: =B3*(Assumptions!$B$15/D3) | G3: =1+(E3-1)*(Assumptions!$B$6/Assumptions!$B$16) | H3: =C3*G3 | I3: =Assumptions!$B$17-A3 | J3: =(1+Assumptions!$B$5)^I3*(1+Assumptions!$B$4)^I3 | K3: =H3*J3 | L3: =K3/F3
A4: 2023 | B4: 8492577 | C4: 4599359 | D4: 1.0902 | E4: 1.0846 | F4: =B4*(Assumptions!$B$15/D4) | G4: =1+(E4-1)*(Assumptions!$B$6/Assumptions!$B$16) | H4: =C4*G4 | I4: =Assumptions!$B$17-A4 | J4: =(1+Assumptions!$B$5)^I4*(1+Assumptions!$B$4)^I4 | K4: =H4*J4 | L4: =K4/F4
A5: 2024 | B5: 8714125 | C5: 4379094 | D5: 1.1258 | E5: 1.1364 | F5: =B5*(Assumptions!$B$15/D5) | G5: =1+(E5-1)*(Assumptions!$B$6/Assumptions!$B$16) | H5: =C5*G5 | I5: =Assumptions!$B$17-A5 | J5: =(1+Assumptions!$B$5)^I5*(1+Assumptions!$B$4)^I5 | K5: =H5*J5 | L5: =K5/F5
A6: 2025 | B6: 9019574 | C6: 4218501 | D6: 1.1771 | E6: 1.22 | F6: =B6*(Assumptions!$B$15/D6) | G6: =1+(E6-1)*(Assumptions!$B$6/Assumptions!$B$16) | H6: =C6*G6 | I6: =Assumptions!$B$17-A6 | J6: =(1+Assumptions!$B$5)^I6*(1+Assumptions!$B$4)^I6 | K6: =H6*J6 | L6: =K6/F6
A7: Total | F7: =SUM(F2:F6) | K7: =SUM(K2:K6)
